{
  "train": [
    0.921770821348535,
    0.8031313193980295,
    0.7189812766854825,
    0.6468098929875097,
    0.5902578429312333,
    0.539285326590171,
    0.4971383281423505,
    0.45615367793196054,
    0.42607088553456784,
    0.3963213082672014,
    0.37089936915152194,
    0.3455055095192213,
    0.32684517498742366,
    0.30990088630143003,
    0.28782068014892737,
    0.27121553674880916,
    0.2569047556939308,
    0.2453870236065154,
    0.2354730764034442,
    0.22030106323195459
  ],
  "val": [
    0.8299367250249208,
    0.7377274445173553,
    0.6481058044942065,
    0.5830262085748097,
    0.5253967914243612,
    0.48501265582681236,
    0.43673200320071887,
    0.3977260749709766,
    0.37301910428143054,
    0.3532774350387952,
    0.3212189995446824,
    0.29258230613604475,
    0.27316021354013115,
    0.2529566164515491,
    0.24049301481872834,
    0.22735248010576767,
    0.21133208092897948,
    0.19559504916549553,
    0.18755231932939725,
    0.17353107741100302
  ]
}